id,run_type,number_added,avg_time_per_insert,total_nodes,operation_count,height, rotations
50000,random_avl_insertion,71955931,0.000000639,50000,212,19,0
100000,random_avl_insertion,37175583,0.000000906,100000,240,20,0
150000,random_avl_insertion,55750283,0.000001008,150000,240,21,0
200000,random_avl_insertion,69987895,0.000000988,200000,273,21,2
250000,random_avl_insertion,81874764,0.000001068,250000,266,21,1
300000,random_avl_insertion,29161584,0.000001209,300000,266,22,1
350000,random_avl_insertion,91683713,0.000001214,350000,254,22,0
400000,random_avl_insertion,61869354,0.000001277,400000,268,22,0
450000,random_avl_insertion,53194671,0.000001187,450000,282,22,0
500000,random_avl_insertion,92664745,0.000001261,500000,282,23,0
550000,random_avl_insertion,2402087,0.000001334,550000,301,23,2
600000,random_avl_insertion,68268502,0.000001427,600000,282,23,0
650000,random_avl_insertion,15909140,0.000001430,650000,282,23,0
700000,random_avl_insertion,90987222,0.000001541,700000,301,23,2
750000,random_avl_insertion,28172124,0.000001666,750000,282,23,0
800000,random_avl_insertion,51958634,0.000001696,800000,308,24,1
850000,random_avl_insertion,39245477,0.000001385,850000,268,24,0
900000,random_avl_insertion,35643661,0.000001361,900000,294,24,1
950000,random_avl_insertion,23460877,0.000001795,950000,296,24,0
1000000,random_avl_insertion,68020030,0.000001600,1000000,294,24,1
1050000,random_avl_insertion,74504125,0.000001569,1050000,308,24,1
1100000,random_avl_insertion,72582969,0.000001714,1100000,254,24,0
1150000,random_avl_insertion,67528810,0.000001664,1150000,282,24,0
1200000,random_avl_insertion,6451881,0.000001814,1200000,301,24,2
1250000,random_avl_insertion,20750183,0.000001716,1250000,329,24,2
1300000,random_avl_insertion,65133057,0.000001805,1300000,254,24,0
1350000,random_avl_insertion,60267065,0.000001817,1350000,268,24,0
1400000,random_avl_insertion,12852761,0.000001738,1400000,343,25,2
1450000,random_avl_insertion,12819991,0.000001928,1450000,336,25,1
1500000,random_avl_insertion,70851310,0.000001843,1500000,282,25,0
1550000,random_avl_insertion,75225013,0.000001852,1550000,336,25,1
1600000,random_avl_insertion,48418114,0.000001816,1600000,282,25,0
1650000,random_avl_insertion,8783812,0.000001903,1650000,296,25,0
1700000,random_avl_insertion,79993078,0.000001834,1700000,308,25,1
1750000,random_avl_insertion,37331356,0.000001972,1750000,268,25,0
1800000,random_avl_insertion,28751664,0.000001905,1800000,282,25,0
1850000,random_avl_insertion,25477758,0.000001875,1850000,282,25,0
1900000,random_avl_insertion,64109722,0.000001933,1900000,315,25,2
1950000,random_avl_insertion,86243994,0.000001986,1950000,329,25,2
2000000,random_avl_insertion,45311086,0.000001853,2000000,315,25,2
2050000,random_avl_insertion,77684664,0.000001794,2050000,336,25,1
2100000,random_avl_insertion,89055648,0.000001864,2100000,329,25,2
2150000,random_avl_insertion,64653247,0.000001987,2150000,296,25,0
2200000,random_avl_insertion,40717548,0.000002069,2200000,301,25,2
2250000,random_avl_insertion,43056773,0.000002222,2250000,310,25,0
2300000,random_avl_insertion,58354780,0.000001964,2300000,322,25,1
2350000,random_avl_insertion,40314688,0.000001892,2350000,329,25,2
2400000,random_avl_insertion,79641042,0.000002003,2400000,310,25,0
2450000,random_avl_insertion,82263567,0.000001996,2450000,296,25,0
2500000,random_avl_insertion,56048302,0.000002107,2500000,324,25,0
2550000,random_avl_insertion,20634414,0.000002019,2550000,296,25,0
2600000,random_avl_insertion,78387981,0.000002071,2600000,308,25,1
2650000,random_avl_insertion,58907293,0.000002075,2650000,282,26,0
2700000,random_avl_insertion,28656321,0.000002193,2700000,308,26,1
2750000,random_avl_insertion,58664238,0.000002115,2750000,310,26,0
2800000,random_avl_insertion,34937316,0.000002100,2800000,343,26,2
2850000,random_avl_insertion,95554451,0.000002031,2850000,322,26,1
2900000,random_avl_insertion,70066211,0.000002133,2900000,310,26,0
2950000,random_avl_insertion,72236003,0.000002148,2950000,310,26,0
3000000,random_avl_insertion,80177865,0.000002064,3000000,315,26,2
3050000,random_avl_insertion,27212565,0.000002092,3050000,329,26,2
3100000,random_avl_insertion,66314043,0.000002066,3100000,268,26,0
3150000,random_avl_insertion,38612267,0.000002287,3150000,282,26,0
3200000,random_avl_insertion,83595632,0.000002334,3200000,310,26,0
3250000,random_avl_insertion,86151065,0.000002419,3250000,282,26,0
3300000,random_avl_insertion,87478585,0.000002396,3300000,310,26,0
3350000,random_avl_insertion,55879209,0.000002477,3350000,324,26,0
3400000,random_avl_insertion,72845724,0.000002471,3400000,310,26,0
3450000,random_avl_insertion,89231590,0.000002233,3450000,296,26,0
3500000,random_avl_insertion,63536224,0.000002251,3500000,329,26,2
3550000,random_avl_insertion,41495693,0.000002110,3550000,310,26,0
3600000,random_avl_insertion,35823057,0.000002186,3600000,296,26,0
3650000,random_avl_insertion,28296653,0.000002424,3650000,296,26,0
3700000,random_avl_insertion,58945590,0.000002378,3700000,296,26,0
3750000,random_avl_insertion,92229947,0.000002493,3750000,336,26,1
3800000,random_avl_insertion,62491679,0.000002590,3800000,296,26,0
3850000,random_avl_insertion,63071440,0.000002543,3850000,343,26,2
3900000,random_avl_insertion,18389923,0.000002491,3900000,329,26,2
3950000,random_avl_insertion,41331943,0.000002397,3950000,343,26,2
4000000,random_avl_insertion,43916632,0.000002542,4000000,324,26,0
4050000,random_avl_insertion,97226559,0.000002509,4050000,268,26,0
4100000,random_avl_insertion,10928556,0.000002249,4100000,310,26,0
4150000,random_avl_insertion,2881231,0.000002372,4150000,324,26,0
4200000,random_avl_insertion,42625263,0.000002531,4200000,324,26,0
4250000,random_avl_insertion,20599560,0.000002529,4250000,310,26,0
4300000,random_avl_insertion,54476408,0.000002429,4300000,296,26,0
4350000,random_avl_insertion,81604428,0.000002408,4350000,329,26,2
4400000,random_avl_insertion,7511319,0.000002452,4400000,310,27,0
4450000,random_avl_insertion,79959136,0.000002461,4450000,310,27,0
4500000,random_avl_insertion,44931999,0.000002482,4500000,296,27,0
4550000,random_avl_insertion,90312191,0.000002721,4550000,329,27,2
4600000,random_avl_insertion,68739536,0.000002719,4600000,310,27,0
4650000,random_avl_insertion,66347621,0.000002101,4650000,310,27,0
4700000,random_avl_insertion,93233670,0.000002173,4700000,324,27,0
4750000,random_avl_insertion,26327482,0.000002313,4750000,310,27,0
4800000,random_avl_insertion,11370998,0.000002316,4800000,357,27,2
4850000,random_avl_insertion,53450287,0.000002269,4850000,324,27,0
4900000,random_avl_insertion,1973092,0.000002304,4900000,324,27,0
4950000,random_avl_insertion,63269236,0.000002231,4950000,357,27,2
5000000,random_avl_insertion,83292125,0.000002265,5000000,296,27,0
5050000,random_avl_insertion,59382233,0.000002286,5050000,357,27,2
5100000,random_avl_insertion,63577628,0.000002326,5100000,357,27,2
5150000,random_avl_insertion,30292972,0.000002306,5150000,324,27,0
5200000,random_avl_insertion,57468730,0.000002177,5200000,336,27,1
5250000,random_avl_insertion,46922775,0.000002382,5250000,357,27,2
5300000,random_avl_insertion,49386168,0.000002224,5300000,336,27,1
5350000,random_avl_insertion,23843272,0.000002151,5350000,310,27,0
5400000,random_avl_insertion,30031379,0.000002317,5400000,350,27,1
5450000,random_avl_insertion,7635542,0.000002295,5450000,371,27,2
5500000,random_avl_insertion,87899173,0.000002303,5500000,336,27,1
5550000,random_avl_insertion,77204837,0.000002250,5550000,338,27,0
5600000,random_avl_insertion,47600306,0.000002458,5600000,338,27,0
5650000,random_avl_insertion,94808539,0.000002553,5650000,310,27,0
5700000,random_avl_insertion,48756335,0.000002458,5700000,338,27,0
5750000,random_avl_insertion,88245786,0.000002448,5750000,343,27,2
5800000,random_avl_insertion,67507546,0.000002420,5800000,296,27,0
5850000,random_avl_insertion,73141602,0.000002392,5850000,324,27,0
5900000,random_avl_insertion,71504835,0.000002313,5900000,322,27,1
5950000,random_avl_insertion,34514208,0.000002301,5950000,329,27,2
6000000,random_avl_insertion,92028881,0.000002392,6000000,357,27,2
6050000,random_avl_insertion,29185688,0.000002578,6050000,282,27,0
6100000,random_avl_insertion,71663561,0.000002472,6100000,324,27,0
6150000,random_avl_insertion,59636658,0.000002608,6150000,357,27,2
6200000,random_avl_insertion,62185587,0.000002593,6200000,310,27,0
6250000,random_avl_insertion,41491803,0.000002340,6250000,350,27,1
6300000,random_avl_insertion,6957251,0.000002472,6300000,310,27,0
6350000,random_avl_insertion,54082659,0.000002436,6350000,336,27,1
6400000,random_avl_insertion,77564489,0.000002362,6400000,336,27,1
6450000,random_avl_insertion,77793281,0.000002443,6450000,343,27,2
6500000,random_avl_insertion,76082710,0.000002495,6500000,371,27,2
6550000,random_avl_insertion,1471580,0.000002415,6550000,338,27,0
6600000,random_avl_insertion,63748027,0.000002492,6600000,324,27,0
6650000,random_avl_insertion,67365161,0.000002561,6650000,310,27,0
6700000,random_avl_insertion,84466340,0.000002541,6700000,343,27,2
6750000,random_avl_insertion,82923755,0.000002503,6750000,364,27,1
6800000,random_avl_insertion,51756782,0.000002537,6800000,371,27,2
6850000,random_avl_insertion,81764428,0.000002522,6850000,329,27,2
6900000,random_avl_insertion,54813577,0.000002385,6900000,343,27,2
6950000,random_avl_insertion,60746223,0.000002407,6950000,324,27,0
7000000,random_avl_insertion,86833306,0.000002411,7000000,350,27,1
7050000,random_avl_insertion,88125590,0.000002506,7050000,322,27,1
7100000,random_avl_insertion,84287436,0.000002498,7100000,324,27,0
7150000,random_avl_insertion,89600670,0.000002475,7150000,310,27,0
7200000,random_avl_insertion,73169456,0.000002448,7200000,324,27,0
7250000,random_avl_insertion,38717782,0.000002497,7250000,310,27,0
7300000,random_avl_insertion,74466066,0.000002481,7300000,357,27,2
7350000,random_avl_insertion,53545552,0.000002463,7350000,338,27,0
7400000,random_avl_insertion,13035425,0.000002517,7400000,357,27,2
7450000,random_avl_insertion,14850137,0.000002427,7450000,350,27,1
7500000,random_avl_insertion,21032742,0.000002467,7500000,296,27,0
7550000,random_avl_insertion,33397365,0.000002466,7550000,338,27,0
7600000,random_avl_insertion,76632387,0.000002427,7600000,350,27,1
7650000,random_avl_insertion,13589110,0.000002562,7650000,338,27,0
7700000,random_avl_insertion,69113325,0.000002460,7700000,310,27,0
7750000,random_avl_insertion,70742386,0.000002513,7750000,357,27,2
7800000,random_avl_insertion,97102174,0.000002560,7800000,324,27,0
7850000,random_avl_insertion,25215049,0.000002614,7850000,324,27,0
7900000,random_avl_insertion,44353687,0.000002805,7900000,338,27,0
7950000,random_avl_insertion,40751530,0.000002433,7950000,371,27,2
8000000,random_avl_insertion,40350092,0.000002429,8000000,343,27,2
8050000,random_avl_insertion,6285343,0.000002430,8050000,357,27,2
8100000,random_avl_insertion,63402816,0.000002606,8100000,310,27,0
8150000,random_avl_insertion,5384945,0.000002652,8150000,338,27,0
8200000,random_avl_insertion,15150462,0.000002625,8200000,371,28,2
8250000,random_avl_insertion,27709422,0.000002575,8250000,350,28,1
8300000,random_avl_insertion,69626609,0.000002540,8300000,329,28,2
8350000,random_avl_insertion,278345,0.000002579,8350000,357,28,2
8400000,random_avl_insertion,54756287,0.000002502,8400000,350,28,1
8450000,random_avl_insertion,89484976,0.000002582,8450000,357,28,2
8500000,random_avl_insertion,62505609,0.000002447,8500000,357,28,2
8550000,random_avl_insertion,81652487,0.000002478,8550000,324,28,0
8600000,random_avl_insertion,19846863,0.000002500,8600000,336,28,1
8650000,random_avl_insertion,9125893,0.000002520,8650000,338,28,0
8700000,random_avl_insertion,29745137,0.000002483,8700000,343,28,2
8750000,random_avl_insertion,43868440,0.000002448,8750000,357,28,2
8800000,random_avl_insertion,38707564,0.000002547,8800000,310,28,0
8850000,random_avl_insertion,14130730,0.000002641,8850000,324,28,0
8900000,random_avl_insertion,81380185,0.000002738,8900000,310,28,0
8950000,random_avl_insertion,56254569,0.000002768,8950000,350,28,1
9000000,random_avl_insertion,22678120,0.000002686,9000000,336,28,1
9050000,random_avl_insertion,44431238,0.000002677,9050000,338,28,0
9100000,random_avl_insertion,12516983,0.000002612,9100000,338,28,0
9150000,random_avl_insertion,5456318,0.000002579,9150000,364,28,1
9200000,random_avl_insertion,11097132,0.000002594,9200000,364,28,1
9250000,random_avl_insertion,61042232,0.000002623,9250000,364,28,1
9300000,random_avl_insertion,39227116,0.000002664,9300000,350,28,1
9350000,random_avl_insertion,54680176,0.000002553,9350000,336,28,1
9400000,random_avl_insertion,60784959,0.000002569,9400000,336,28,1
9450000,random_avl_insertion,18353675,0.000002722,9450000,310,28,0
9500000,random_avl_insertion,45453799,0.000002531,9500000,338,28,0
9550000,random_avl_insertion,29823916,0.000002624,9550000,350,28,1
9600000,random_avl_insertion,81719156,0.000002686,9600000,310,28,0
9650000,random_avl_insertion,37886950,0.000002606,9650000,357,28,2
9700000,random_avl_insertion,47318632,0.000002626,9700000,338,28,0
9750000,random_avl_insertion,39849850,0.000002579,9750000,352,28,0
9800000,random_avl_insertion,95361867,0.000002763,9800000,357,28,2
9850000,random_avl_insertion,90023801,0.000002710,9850000,324,28,0
9900000,random_avl_insertion,54486464,0.000002806,9900000,324,28,0
9950000,random_avl_insertion,40841790,0.000002990,9950000,371,28,2
10000000,random_avl_insertion,3349251,0.000002580,10000000,324,28,0
10050000,random_avl_insertion,80314555,0.000002529,10050000,324,28,0
10100000,random_avl_insertion,32129082,0.000002578,10100000,338,28,0
10150000,random_avl_insertion,52643765,0.000002506,10150000,324,28,0
10200000,random_avl_insertion,53750021,0.000002516,10200000,338,28,0
10250000,random_avl_insertion,94113618,0.000002490,10250000,350,28,1
10300000,random_avl_insertion,7130624,0.000002523,10300000,338,28,0
10350000,random_avl_insertion,46145302,0.000002545,10350000,364,28,1
10400000,random_avl_insertion,4632552,0.000002538,10400000,338,28,0
10450000,random_avl_insertion,18674944,0.000002561,10450000,296,28,0
10500000,random_avl_insertion,79946852,0.000002637,10500000,324,28,0
10550000,random_avl_insertion,37907861,0.000002584,10550000,338,28,0
10600000,random_avl_insertion,95054205,0.000002621,10600000,336,28,1
10650000,random_avl_insertion,84007073,0.000002577,10650000,324,28,0
10700000,random_avl_insertion,23826575,0.000002657,10700000,336,28,1
10750000,random_avl_insertion,38664606,0.000002738,10750000,336,28,1
10800000,random_avl_insertion,50511121,0.000002732,10800000,324,28,0
10850000,random_avl_insertion,96088249,0.000002670,10850000,310,28,0
10900000,random_avl_insertion,21972992,0.000002686,10900000,324,28,0
10950000,random_avl_insertion,45088152,0.000002844,10950000,357,28,2
11000000,random_avl_insertion,43350186,0.000002721,11000000,324,28,0
11050000,random_avl_insertion,93749224,0.000002718,11050000,310,28,0
11100000,random_avl_insertion,35292060,0.000002833,11100000,357,28,2
11150000,random_avl_insertion,35709731,0.000002649,11150000,357,28,2
11200000,random_avl_insertion,90244915,0.000002725,11200000,371,28,2
11250000,random_avl_insertion,87538783,0.000002681,11250000,343,28,2
11300000,random_avl_insertion,59467725,0.000002691,11300000,371,28,2
11350000,random_avl_insertion,24017897,0.000002840,11350000,324,28,0
11400000,random_avl_insertion,32008002,0.000002702,11400000,343,28,2
11450000,random_avl_insertion,68420763,0.000002712,11450000,338,28,0
11500000,random_avl_insertion,70062012,0.000002794,11500000,338,28,0
11550000,random_avl_insertion,42967401,0.000002767,11550000,364,28,1
11600000,random_avl_insertion,61941000,0.000002734,11600000,350,28,1
11650000,random_avl_insertion,6385744,0.000002698,11650000,385,28,2
11700000,random_avl_insertion,49555212,0.000002756,11700000,338,28,0
11750000,random_avl_insertion,43865774,0.000002741,11750000,338,28,0
11800000,random_avl_insertion,15478863,0.000002800,11800000,352,28,0
11850000,random_avl_insertion,73638509,0.000002801,11850000,357,28,2
11900000,random_avl_insertion,6106303,0.000002969,11900000,352,28,0
11950000,random_avl_insertion,75965031,0.000002857,11950000,378,28,1
12000000,random_avl_insertion,91402805,0.000002609,12000000,338,28,0
12050000,random_avl_insertion,62252219,0.000002854,12050000,338,28,0
12100000,random_avl_insertion,94578690,0.000002739,12100000,343,28,2
12150000,random_avl_insertion,89716152,0.000002759,12150000,350,28,1
12200000,random_avl_insertion,11160309,0.000002774,12200000,352,28,0
12250000,random_avl_insertion,94469362,0.000002750,12250000,350,28,1
12300000,random_avl_insertion,13144958,0.000002754,12300000,357,28,2
12350000,random_avl_insertion,76583560,0.000002723,12350000,324,28,0
12400000,random_avl_insertion,60101139,0.000002748,12400000,364,28,1
12450000,random_avl_insertion,88032581,0.000002818,12450000,338,28,0
12500000,random_avl_insertion,62134588,0.000002791,12500000,350,28,1
12550000,random_avl_insertion,8872626,0.000002858,12550000,366,28,0
12600000,random_avl_insertion,4909531,0.000002705,12600000,338,28,0
12650000,random_avl_insertion,19797574,0.000002750,12650000,350,28,1
12700000,random_avl_insertion,17628402,0.000002775,12700000,357,28,2
12750000,random_avl_insertion,41067166,0.000002727,12750000,392,28,1
12800000,random_avl_insertion,27187126,0.000003044,12800000,338,28,0
12850000,random_avl_insertion,24615061,0.000002872,12850000,371,28,2
12900000,random_avl_insertion,68450965,0.000002844,12900000,364,28,1
12950000,random_avl_insertion,59264693,0.000002986,12950000,350,28,1
13000000,random_avl_insertion,4012000,0.000002877,13000000,350,28,1
13050000,random_avl_insertion,77912250,0.000002808,13050000,324,28,0
13100000,random_avl_insertion,61491650,0.000002785,13100000,357,28,2
13150000,random_avl_insertion,18724651,0.000002750,13150000,364,28,1
13200000,random_avl_insertion,88184445,0.000002842,13200000,371,28,2
13250000,random_avl_insertion,19574485,0.000002856,13250000,324,28,0
13300000,random_avl_insertion,88731614,0.000002844,13300000,378,28,1
13350000,random_avl_insertion,79035946,0.000002809,13350000,338,28,0
13400000,random_avl_insertion,77983743,0.000002825,13400000,324,28,0
13450000,random_avl_insertion,21888915,0.000002807,13450000,324,28,0
13500000,random_avl_insertion,29188619,0.000002952,13500000,338,28,0
13550000,random_avl_insertion,1835254,0.000002869,13550000,364,28,1
13600000,random_avl_insertion,51176065,0.000002801,13600000,324,28,0
13650000,random_avl_insertion,99580578,0.000003249,13650000,310,28,0
13700000,random_avl_insertion,13383092,0.000003062,13700000,378,28,1
13750000,random_avl_insertion,51186674,0.000002824,13750000,364,28,1
13800000,random_avl_insertion,44825810,0.000003302,13800000,324,28,0
13850000,random_avl_insertion,96549572,0.000002794,13850000,364,28,1
13900000,random_avl_insertion,3549962,0.000002928,13900000,385,28,2
13950000,random_avl_insertion,95635823,0.000002913,13950000,350,28,1
14000000,random_avl_insertion,26251027,0.000002871,14000000,343,28,2
14050000,random_avl_insertion,42328044,0.000002835,14050000,324,28,0
14100000,random_avl_insertion,85315881,0.000002897,14100000,364,28,1
14150000,random_avl_insertion,36778213,0.000002852,14150000,357,28,2
14200000,random_avl_insertion,23916529,0.000002953,14200000,364,28,1
14250000,random_avl_insertion,34138905,0.000002916,14250000,336,28,1
14300000,random_avl_insertion,70946446,0.000002890,14300000,338,28,0
14350000,random_avl_insertion,96491396,0.000002955,14350000,336,28,1
14400000,random_avl_insertion,25920864,0.000002931,14400000,338,28,0
14450000,random_avl_insertion,31670282,0.000002867,14450000,338,28,0
14500000,random_avl_insertion,68319105,0.000002935,14500000,350,28,1
14550000,random_avl_insertion,28826502,0.000002860,14550000,352,28,0
14600000,random_avl_insertion,19822368,0.000002934,14600000,324,28,0
14650000,random_avl_insertion,46224770,0.000002956,14650000,378,28,1
14700000,random_avl_insertion,50579929,0.000003142,14700000,338,28,0
14750000,random_avl_insertion,3564446,0.000002971,14750000,385,28,2
14800000,random_avl_insertion,31195334,0.000002780,14800000,371,28,2
14850000,random_avl_insertion,50257511,0.000002827,14850000,371,28,2
14900000,random_avl_insertion,70191978,0.000002979,14900000,371,28,2
14950000,random_avl_insertion,25262772,0.000002961,14950000,338,29,0
15000000,random_avl_insertion,23874957,0.000003136,15000000,350,29,1
15050000,random_avl_insertion,64328814,0.000002870,15050000,324,29,0
15100000,random_avl_insertion,86127095,0.000002832,15100000,324,29,0
15150000,random_avl_insertion,83688267,0.000002824,15150000,352,29,0
15200000,random_avl_insertion,46260561,0.000002828,15200000,324,29,0
15250000,random_avl_insertion,5541856,0.000002903,15250000,399,29,2
15300000,random_avl_insertion,83044165,0.000004156,15300000,338,29,0
15350000,random_avl_insertion,68710698,0.000004739,15350000,357,29,2
15400000,random_avl_insertion,6644640,0.000003509,15400000,371,29,2
15450000,random_avl_insertion,60846764,0.000003538,15450000,364,29,1
15500000,random_avl_insertion,50121567,0.000003876,15500000,338,29,0
15550000,random_avl_insertion,85918454,0.000003583,15550000,378,29,1
15600000,random_avl_insertion,19496768,0.000003015,15600000,336,29,1
15650000,random_avl_insertion,5132748,0.000003096,15650000,338,29,0
15700000,random_avl_insertion,19762651,0.000003100,15700000,310,29,0
15750000,random_avl_insertion,5352136,0.000002978,15750000,338,29,0
15800000,random_avl_insertion,33162730,0.000003028,15800000,364,29,1
15850000,random_avl_insertion,11930752,0.000003033,15850000,352,29,0
15900000,random_avl_insertion,68940945,0.000003063,15900000,343,29,2
15950000,random_avl_insertion,82205112,0.000003117,15950000,350,29,1
16000000,random_avl_insertion,55428572,0.000003012,16000000,364,29,1
16050000,random_avl_insertion,82734740,0.000003060,16050000,343,29,2
16100000,random_avl_insertion,37156538,0.000003031,16100000,385,29,2
16150000,random_avl_insertion,63877253,0.000003022,16150000,350,29,1
16200000,random_avl_insertion,33446940,0.000003079,16200000,357,29,2
16250000,random_avl_insertion,16851613,0.000002937,16250000,352,29,0
16300000,random_avl_insertion,1204149,0.000003086,16300000,324,29,0
16350000,random_avl_insertion,36164060,0.000003089,16350000,371,29,2
16400000,random_avl_insertion,15438096,0.000003328,16400000,378,29,1
16450000,random_avl_insertion,24280344,0.000002817,16450000,385,29,2
16500000,random_avl_insertion,4180883,0.000002867,16500000,364,29,1
16550000,random_avl_insertion,35735444,0.000002845,16550000,350,29,1
16600000,random_avl_insertion,55406806,0.000002890,16600000,352,29,0
16650000,random_avl_insertion,93371175,0.000002820,16650000,352,29,0
16700000,random_avl_insertion,16665240,0.000002853,16700000,385,29,2
16750000,random_avl_insertion,91781593,0.000002832,16750000,357,29,2
16800000,random_avl_insertion,16807904,0.000002871,16800000,385,29,2
16850000,random_avl_insertion,8620821,0.000002837,16850000,378,29,1
16900000,random_avl_insertion,66001891,0.000003044,16900000,352,29,0
16950000,random_avl_insertion,93118954,0.000002843,16950000,324,29,0
17000000,random_avl_insertion,49332426,0.000002797,17000000,352,29,0
17050000,random_avl_insertion,1524389,0.000002922,17050000,371,29,2
17100000,random_avl_insertion,25009099,0.000003003,17100000,357,29,2
17150000,random_avl_insertion,66621628,0.000002972,17150000,357,29,2
17200000,random_avl_insertion,40092534,0.000002979,17200000,350,29,1
17250000,random_avl_insertion,65859398,0.000003022,17250000,343,29,2
17300000,random_avl_insertion,26966097,0.000003065,17300000,364,29,1
17350000,random_avl_insertion,11746715,0.000003061,17350000,324,29,0
17400000,random_avl_insertion,48308137,0.000002966,17400000,338,29,0
17450000,random_avl_insertion,49751232,0.000003048,17450000,352,29,0
17500000,random_avl_insertion,38415270,0.000003078,17500000,357,29,2
17550000,random_avl_insertion,55390130,0.000003330,17550000,338,29,0
17600000,random_avl_insertion,23272660,0.000003105,17600000,338,29,0
17650000,random_avl_insertion,80207560,0.000003032,17650000,310,29,0
17700000,random_avl_insertion,91806257,0.000003128,17700000,352,29,0
17750000,random_avl_insertion,8444528,0.000003025,17750000,399,29,2
17800000,random_avl_insertion,47579487,0.000003036,17800000,324,29,0
17850000,random_avl_insertion,28271571,0.000002994,17850000,364,29,1
17900000,random_avl_insertion,12712529,0.000003021,17900000,352,29,0
17950000,random_avl_insertion,98483625,0.000003024,17950000,352,29,0
18000000,random_avl_insertion,86422454,0.000003009,18000000,336,29,1
18050000,random_avl_insertion,3667243,0.000002960,18050000,364,29,1
18100000,random_avl_insertion,61975245,0.000002934,18100000,385,29,2
18150000,random_avl_insertion,70616967,0.000003080,18150000,324,29,0
18200000,random_avl_insertion,32812718,0.000003231,18200000,352,29,0
18250000,random_avl_insertion,48094238,0.000003073,18250000,371,29,2
18300000,random_avl_insertion,78418353,0.000002923,18300000,324,29,0
18350000,random_avl_insertion,7238383,0.000003039,18350000,366,29,0
18400000,random_avl_insertion,77191643,0.000003063,18400000,352,29,0
18450000,random_avl_insertion,2385029,0.000003025,18450000,350,29,1
18500000,random_avl_insertion,64022845,0.000003084,18500000,324,29,0
18550000,random_avl_insertion,23699262,0.000003005,18550000,336,29,1
18600000,random_avl_insertion,26652300,0.000003055,18600000,399,29,2
18650000,random_avl_insertion,13915608,0.000002975,18650000,352,29,0
18700000,random_avl_insertion,32750745,0.000003028,18700000,336,29,1
18750000,random_avl_insertion,14039200,0.000002977,18750000,296,29,0
18800000,random_avl_insertion,91358952,0.000003005,18800000,352,29,0
18850000,random_avl_insertion,12020281,0.000002954,18850000,352,29,0
18900000,random_avl_insertion,10175722,0.000003269,18900000,378,29,1
18950000,random_avl_insertion,12240594,0.000003204,18950000,371,29,2
19000000,random_avl_insertion,43415116,0.000003193,19000000,352,29,0
19050000,random_avl_insertion,81481678,0.000003409,19050000,357,29,2
19100000,random_avl_insertion,97109930,0.000003089,19100000,322,29,1
19150000,random_avl_insertion,26897081,0.000002878,19150000,350,29,1
19200000,random_avl_insertion,56138739,0.000003048,19200000,378,29,1
19250000,random_avl_insertion,49430477,0.000002931,19250000,378,29,1
19300000,random_avl_insertion,4102521,0.000003000,19300000,352,29,0
19350000,random_avl_insertion,93181550,0.000003023,19350000,352,29,0
19400000,random_avl_insertion,28483002,0.000003058,19400000,357,29,2
19450000,random_avl_insertion,22520449,0.000003033,19450000,350,29,1
19500000,random_avl_insertion,60825343,0.000003008,19500000,338,29,0
19550000,random_avl_insertion,51418266,0.000003232,19550000,324,29,0
19600000,random_avl_insertion,1263636,0.000003107,19600000,385,29,2
19650000,random_avl_insertion,45707800,0.000003057,19650000,338,29,0
19700000,random_avl_insertion,63960094,0.000003067,19700000,350,29,1
19750000,random_avl_insertion,51278778,0.000003171,19750000,324,29,0
19800000,random_avl_insertion,69847574,0.000003148,19800000,352,29,0
19850000,random_avl_insertion,48583206,0.000003063,19850000,364,29,1
19900000,random_avl_insertion,13043231,0.000003308,19900000,366,29,0
19950000,random_avl_insertion,76286049,0.000003261,19950000,385,29,2
20000000,random_avl_insertion,29133042,0.000003098,20000000,366,29,0
20050000,random_avl_insertion,52309259,0.000003209,20050000,338,29,0
20100000,random_avl_insertion,30538284,0.000003369,20100000,352,29,0
20150000,random_avl_insertion,87524663,0.000003578,20150000,324,29,0
20200000,random_avl_insertion,91293991,0.000003763,20200000,338,29,0
20250000,random_avl_insertion,6838206,0.000003676,20250000,366,29,0
20300000,random_avl_insertion,2449495,0.000003641,20300000,350,29,1
20350000,random_avl_insertion,20814282,0.000003572,20350000,324,29,0
20400000,random_avl_insertion,24440423,0.000003509,20400000,371,29,2
20450000,random_avl_insertion,32841362,0.000003309,20450000,352,29,0
20500000,random_avl_insertion,46090490,0.000003728,20500000,392,29,1
20550000,random_avl_insertion,38514020,0.000003565,20550000,357,29,2
20600000,random_avl_insertion,45394423,0.000003740,20600000,338,29,0
20650000,random_avl_insertion,76052360,0.000003727,20650000,352,29,0
20700000,random_avl_insertion,6358137,0.000003717,20700000,378,29,1
20750000,random_avl_insertion,5584414,0.000003248,20750000,385,29,2
20800000,random_avl_insertion,82774558,0.000003449,20800000,324,29,0
20850000,random_avl_insertion,95333488,0.000003355,20850000,364,29,1
20900000,random_avl_insertion,3332309,0.000003176,20900000,392,29,1
20950000,random_avl_insertion,90134195,0.000003171,20950000,364,29,1
21000000,random_avl_insertion,70764404,0.000003281,21000000,350,29,1
21050000,random_avl_insertion,21190245,0.000003312,21050000,324,29,0
21100000,random_avl_insertion,76475038,0.000003204,21100000,338,29,0
21150000,random_avl_insertion,87129797,0.000003391,21150000,338,29,0
21200000,random_avl_insertion,40077542,0.000003421,21200000,357,29,2
21250000,random_avl_insertion,87864718,0.000003269,21250000,324,29,0
21300000,random_avl_insertion,86519940,0.000003531,21300000,357,29,2
21350000,random_avl_insertion,26206477,0.000003528,21350000,371,29,2
21400000,random_avl_insertion,27412019,0.000003649,21400000,399,29,2
21450000,random_avl_insertion,45195892,0.000003572,21450000,371,29,2
21500000,random_avl_insertion,28773442,0.000003632,21500000,378,29,1
21550000,random_avl_insertion,67243689,0.000003809,21550000,338,29,0
21600000,random_avl_insertion,34888425,0.000003483,21600000,378,29,1
21650000,random_avl_insertion,43218991,0.000003545,21650000,352,29,0
21700000,random_avl_insertion,76269197,0.000003762,21700000,399,29,2
21750000,random_avl_insertion,59417883,0.000004057,21750000,352,29,0
21800000,random_avl_insertion,93664557,0.000004460,21800000,338,29,0
21850000,random_avl_insertion,90063924,0.000003997,21850000,371,29,2
21900000,random_avl_insertion,54366973,0.000003707,21900000,371,29,2
21950000,random_avl_insertion,7172166,0.000003653,21950000,385,29,2
22000000,random_avl_insertion,45358063,0.000003808,22000000,366,29,0
22050000,random_avl_insertion,69671701,0.000003578,22050000,364,29,1
22100000,random_avl_insertion,93715487,0.000003820,22100000,364,29,1
22150000,random_avl_insertion,5773020,0.000003785,22150000,352,29,0
22200000,random_avl_insertion,38481242,0.000003426,22200000,357,29,2
22250000,random_avl_insertion,28897372,0.000003224,22250000,385,29,2
22300000,random_avl_insertion,69604438,0.000003278,22300000,338,29,0
22350000,random_avl_insertion,81652327,0.000003467,22350000,338,29,0
22400000,random_avl_insertion,24504894,0.000003452,22400000,324,29,0
22450000,random_avl_insertion,22939578,0.000003587,22450000,338,29,0
22500000,random_avl_insertion,62323091,0.000003627,22500000,338,29,0
22550000,random_avl_insertion,54475199,0.000003509,22550000,338,29,0
22600000,random_avl_insertion,94293317,0.000003635,22600000,371,29,2
22650000,random_avl_insertion,48046995,0.000003531,22650000,364,29,1
22700000,random_avl_insertion,38937385,0.000003591,22700000,350,29,1
22750000,random_avl_insertion,80135846,0.000003334,22750000,324,29,0
22800000,random_avl_insertion,33659359,0.000003393,22800000,371,29,2
22850000,random_avl_insertion,29089067,0.000003379,22850000,352,29,0
22900000,random_avl_insertion,29415921,0.000003292,22900000,366,29,0
22950000,random_avl_insertion,70605555,0.000003531,22950000,338,29,0
23000000,random_avl_insertion,78326810,0.000003227,23000000,378,29,1
23050000,random_avl_insertion,37163570,0.000003289,23050000,352,29,0
23100000,random_avl_insertion,87635186,0.000003155,23100000,385,29,2
23150000,random_avl_insertion,52666232,0.000003351,23150000,357,29,2
23200000,random_avl_insertion,61934380,0.000003150,23200000,352,29,0
23250000,random_avl_insertion,70594014,0.000003251,23250000,343,29,2
23300000,random_avl_insertion,37506237,0.000003261,23300000,338,29,0
23350000,random_avl_insertion,46689927,0.000003277,23350000,338,29,0
23400000,random_avl_insertion,55073609,0.000003211,23400000,371,29,2
23450000,random_avl_insertion,3045127,0.000003188,23450000,338,29,0
23500000,random_avl_insertion,38390571,0.000003353,23500000,324,29,0
23550000,random_avl_insertion,12336356,0.000003173,23550000,352,29,0
23600000,random_avl_insertion,82083459,0.000003257,23600000,364,29,1
23650000,random_avl_insertion,59712003,0.000003380,23650000,324,29,0
23700000,random_avl_insertion,70460621,0.000003512,23700000,364,29,1
23750000,random_avl_insertion,248004,0.000003649,23750000,385,29,2
23800000,random_avl_insertion,97550320,0.000003312,23800000,352,29,0
23850000,random_avl_insertion,12636611,0.000003503,23850000,385,29,2
23900000,random_avl_insertion,216758,0.000003319,23900000,352,29,0
23950000,random_avl_insertion,53649668,0.000003264,23950000,380,29,0
24000000,random_avl_insertion,94291983,0.000004178,24000000,366,29,0
24050000,random_avl_insertion,13408754,0.000004947,24050000,371,29,2
24100000,random_avl_insertion,22214659,0.000003363,24100000,371,29,2
24150000,random_avl_insertion,56163464,0.000003424,24150000,366,29,0
24200000,random_avl_insertion,37072381,0.000003273,24200000,392,29,1
24250000,random_avl_insertion,52986620,0.000003642,24250000,371,29,2
24300000,random_avl_insertion,70258571,0.000003613,24300000,338,29,0
24350000,random_avl_insertion,75486718,0.000003312,24350000,366,29,0
24400000,random_avl_insertion,50193783,0.000003394,24400000,350,29,1
24450000,random_avl_insertion,57283803,0.000003864,24450000,310,29,0
24500000,random_avl_insertion,59457885,0.000004166,24500000,338,29,0
24550000,random_avl_insertion,47805557,0.000003405,24550000,324,29,0
24600000,random_avl_insertion,21867780,0.000003463,24600000,364,29,1
24650000,random_avl_insertion,44524637,0.000003160,24650000,392,29,1
24700000,random_avl_insertion,94197278,0.000003342,24700000,364,29,1
24750000,random_avl_insertion,71691758,0.000003396,24750000,378,29,1
24800000,random_avl_insertion,86039528,0.000003466,24800000,324,29,0
24850000,random_avl_insertion,23627156,0.000003553,24850000,385,30,2
24900000,random_avl_insertion,42567568,0.000003415,24900000,371,30,2
24950000,random_avl_insertion,70105650,0.000003295,24950000,338,30,0
25000000,random_avl_insertion,95010323,0.000003541,25000000,352,30,0
