id,run_type,tree_size,batch_size,total_elapsed_time,ops_count
1,inorder_bin_delete,1000,1000,2.6383530000e-03,1001
2,inorder_bin_delete,2000,1000,5.7765620000e-03,2001
3,inorder_bin_delete,3000,1000,8.9626990000e-03,3001
4,inorder_bin_delete,4000,1000,1.1983645000e-02,4001
5,inorder_bin_delete,5000,1000,1.5058592000e-02,5001
6,inorder_bin_delete,6000,1000,1.8439936000e-02,6001
7,inorder_bin_delete,7000,1000,2.1465783000e-02,7001
8,inorder_bin_delete,8000,1000,2.4714760000e-02,8001
9,inorder_bin_delete,9000,1000,2.7565153000e-02,9001
10,inorder_bin_delete,10000,1000,3.0569931000e-02,10001
11,inorder_bin_delete,11000,1000,3.3611009000e-02,11001
12,inorder_bin_delete,12000,1000,3.6889974000e-02,12001
13,inorder_bin_delete,13000,1000,3.9902553000e-02,13001
14,inorder_bin_delete,14000,1000,4.3248120000e-02,14001
15,inorder_bin_delete,15000,1000,4.6882283000e-02,15001
16,inorder_bin_delete,16000,1000,5.4498511000e-02,16001
17,inorder_bin_delete,17000,1000,5.3617562000e-02,17001
18,inorder_bin_delete,18000,1000,5.7235624000e-02,18001
19,inorder_bin_delete,19000,1000,6.0322530000e-02,19001
20,inorder_bin_delete,20000,1000,6.3057941000e-02,20001
21,inorder_bin_delete,21000,1000,6.5150524000e-02,21001
22,inorder_bin_delete,22000,1000,7.0549978000e-02,22001
23,inorder_bin_delete,23000,1000,7.1630315000e-02,23001
24,inorder_bin_delete,24000,1000,7.5347528000e-02,24001
25,inorder_bin_delete,25000,1000,8.0340567000e-02,25001
26,inorder_bin_delete,26000,1000,8.3012833000e-02,26001
27,inorder_bin_delete,27000,1000,8.6267059000e-02,27001
28,inorder_bin_delete,28000,1000,9.2457957000e-02,28001
29,inorder_bin_delete,29000,1000,9.4138741000e-02,29001
30,inorder_bin_delete,30000,1000,9.9255893000e-02,30001
31,inorder_bin_delete,31000,1000,1.0227549200e-01,31001
32,inorder_bin_delete,32000,1000,1.0857804700e-01,32001
33,inorder_bin_delete,33000,1000,1.1249030900e-01,33001
34,inorder_bin_delete,34000,1000,1.1429623200e-01,34001
35,inorder_bin_delete,35000,1000,1.1896847600e-01,35001
36,inorder_bin_delete,36000,1000,1.2397661400e-01,36001
37,inorder_bin_delete,37000,1000,1.3020990900e-01,37001
38,inorder_bin_delete,38000,1000,1.3455971200e-01,38001
39,inorder_bin_delete,39000,1000,1.4131970400e-01,39001
40,inorder_bin_delete,40000,1000,1.4349577100e-01,40001
41,inorder_bin_delete,41000,1000,1.4963298000e-01,41001
42,inorder_bin_delete,42000,1000,1.5322573700e-01,42001
43,inorder_bin_delete,43000,1000,1.5673459300e-01,43001
44,inorder_bin_delete,44000,1000,1.6777876100e-01,44001
45,inorder_bin_delete,45000,1000,1.6685321800e-01,45001
46,inorder_bin_delete,46000,1000,1.7549907200e-01,46001
47,inorder_bin_delete,47000,1000,1.7840066500e-01,47001
48,inorder_bin_delete,48000,1000,1.8612322100e-01,48001
49,inorder_bin_delete,49000,1000,1.8759927000e-01,49001
50,inorder_bin_delete,50000,1000,1.9296970800e-01,50001
51,inorder_bin_delete,51000,1000,1.9830271500e-01,51001
52,inorder_bin_delete,52000,1000,2.0270544900e-01,52001
53,inorder_bin_delete,53000,1000,2.0908598300e-01,53001
54,inorder_bin_delete,54000,1000,2.1418446800e-01,54001
55,inorder_bin_delete,55000,1000,2.2087472700e-01,55001
56,inorder_bin_delete,56000,1000,2.2466626500e-01,56001
57,inorder_bin_delete,57000,1000,2.3202460100e-01,57001
58,inorder_bin_delete,58000,1000,2.4445681000e-01,58001
59,inorder_bin_delete,59000,1000,2.4488590700e-01,59001
60,inorder_bin_delete,60000,1000,2.4621490300e-01,60001
61,inorder_bin_delete,61000,1000,2.5011780600e-01,61001
62,inorder_bin_delete,62000,1000,2.5557160300e-01,62001
63,inorder_bin_delete,63000,1000,2.6363519200e-01,63001
64,inorder_bin_delete,64000,1000,2.7176830300e-01,64001
65,inorder_bin_delete,65000,1000,2.7821542800e-01,65001
66,inorder_bin_delete,66000,1000,2.8484320800e-01,66001
67,inorder_bin_delete,67000,1000,2.8928745600e-01,67001
68,inorder_bin_delete,68000,1000,3.0011958900e-01,68001
69,inorder_bin_delete,69000,1000,2.9932661600e-01,69001
70,inorder_bin_delete,70000,1000,3.0494598200e-01,70001
71,inorder_bin_delete,71000,1000,3.1272484200e-01,71001
72,inorder_bin_delete,72000,1000,3.2276879000e-01,72001
73,inorder_bin_delete,73000,1000,3.1703446600e-01,73001
74,inorder_bin_delete,74000,1000,3.2233244000e-01,74001
75,inorder_bin_delete,75000,1000,3.2889758300e-01,75001
76,inorder_bin_delete,76000,1000,3.3804800800e-01,76001
77,inorder_bin_delete,77000,1000,3.4048448100e-01,77001
78,inorder_bin_delete,78000,1000,3.4596061900e-01,78001
79,inorder_bin_delete,79000,1000,3.5146314700e-01,79001
80,inorder_bin_delete,80000,1000,3.5943781400e-01,80001
81,inorder_bin_delete,81000,1000,3.5435889700e-01,81001
82,inorder_bin_delete,82000,1000,3.6127642500e-01,82001
83,inorder_bin_delete,83000,1000,3.6855499300e-01,83001
84,inorder_bin_delete,84000,1000,3.7261998300e-01,84001
85,inorder_bin_delete,85000,1000,3.7696497200e-01,85001
86,inorder_bin_delete,86000,1000,3.8202294800e-01,86001
87,inorder_bin_delete,87000,1000,3.9287042800e-01,87001
88,inorder_bin_delete,88000,1000,3.9405807500e-01,88001
89,inorder_bin_delete,89000,1000,4.0907548200e-01,89001
90,inorder_bin_delete,90000,1000,4.1998318000e-01,90001
91,inorder_bin_delete,91000,1000,4.1932840000e-01,91001
92,inorder_bin_delete,92000,1000,4.2787333700e-01,92001
93,inorder_bin_delete,93000,1000,4.3606288100e-01,93001
94,inorder_bin_delete,94000,1000,4.3697872400e-01,94001
95,inorder_bin_delete,95000,1000,4.4520095200e-01,95001
96,inorder_bin_delete,96000,1000,4.5953888000e-01,96001
97,inorder_bin_delete,97000,1000,4.5615947100e-01,97001
98,inorder_bin_delete,98000,1000,4.6068248300e-01,98001
99,inorder_bin_delete,99000,1000,4.7426652000e-01,99001
100,inorder_bin_delete,100000,1000,4.7424729300e-01,100001
